{"begin": [0.008488964346349746, 17.088285229202036], "finish": [9.533106960950764, 20.34804753820034], "intervener": ["009", "035"]}